{
    "zcr": 0.12858845653138917,
    "ste": 1.3266762495040894,
    "mfccs_mean_1": -383.6406555175781,
    "mfccs_std_1": 61.48125076293945,
    "mfccs_mean_2": 89.17371368408203,
    "mfccs_std_2": 32.544918060302734,
    "mfccs_mean_3": -116.28108978271484,
    "mfccs_std_3": 23.783262252807617,
    "mfccs_mean_4": 16.483196258544922,
    "mfccs_std_4": 15.911890983581543,
    "mfccs_mean_5": -28.576763153076172,
    "mfccs_std_5": 15.741109848022461,
    "mfccs_mean_6": 11.608451843261719,
    "mfccs_std_6": 13.905878067016602,
    "mfccs_mean_7": -14.66344165802002,
    "mfccs_std_7": 12.380837440490723,
    "mfccs_mean_8": -17.15764808654785,
    "mfccs_std_8": 11.167825698852539,
    "mfccs_mean_9": -10.43856430053711,
    "mfccs_std_9": 9.871054649353027,
    "mfccs_mean_10": -17.429365158081055,
    "mfccs_std_10": 10.538644790649414,
    "mfccs_mean_11": 5.210143089294434,
    "mfccs_std_11": 10.236042022705078,
    "mfccs_mean_12": -15.60963249206543,
    "mfccs_std_12": 10.25969123840332,
    "mfccs_mean_13": 3.531668186187744,
    "mfccs_std_13": 9.574039459228516
}