{
    "rms_mean": 0.0426952987909317,
    "rms_max": 0.2799154222011566,
    "amplitude_max": 0.801422119140625,
    "amplitude_mean": 0.10424624383449554,
    "pitch_mean": 292.62994384765625,
    "pitch_max": 3987.43603515625,
    "pitch_min": 152.56568908691406,
    "frequency": 89.57665492947694,
    "file_name": "1.wav"
}