{
    "rms_mean": 0.011054027825593948,
    "rms_max": 0.23605652153491974,
    "amplitude_max": 0.492462158203125,
    "amplitude_mean": 0.026960819959640503,
    "pitch_mean": 319.7002258300781,
    "pitch_max": 3975.656005859375,
    "pitch_min": 152.47186279296875,
    "frequency": 97.5864907706211,
    "file_name": "10.wav"
}