{
    "rms_mean": 0.039472922682762146,
    "rms_max": 0.39020276069641113,
    "amplitude_max": 0.830474853515625,
    "amplitude_mean": 0.10745271295309067,
    "pitch_mean": 363.0491943359375,
    "pitch_max": 3703.619873046875,
    "pitch_min": 152.67225646972656,
    "frequency": 106.85737845558279,
    "file_name": "2.wav"
}