{
    "rms_mean": 0.051749471575021744,
    "rms_max": 0.3815171420574188,
    "amplitude_max": 0.896087646484375,
    "amplitude_mean": 0.12697623670101166,
    "pitch_mean": 331.3257751464844,
    "pitch_max": 3789.262939453125,
    "pitch_min": 152.50599670410156,
    "frequency": 92.22551187233401,
    "file_name": "3.wav"
}