{
    "rms_mean": 0.032536983489990234,
    "rms_max": 0.2690953314304352,
    "amplitude_max": 0.8255615234375,
    "amplitude_mean": 0.09015727788209915,
    "pitch_mean": 353.29217529296875,
    "pitch_max": 3751.1083984375,
    "pitch_min": 152.44786071777344,
    "frequency": 78.69177830822149,
    "file_name": "4.wav"
}