{
    "rms_mean": 0.025951353833079338,
    "rms_max": 0.26822230219841003,
    "amplitude_max": 0.74615478515625,
    "amplitude_mean": 0.07279565930366516,
    "pitch_mean": 409.9665832519531,
    "pitch_max": 3991.29248046875,
    "pitch_min": 152.6272430419922,
    "frequency": 52.00709483361527,
    "file_name": "5.wav"
}