{
    "rms_mean": 0.06595116853713989,
    "rms_max": 0.33394917845726013,
    "amplitude_max": 0.833892822265625,
    "amplitude_mean": 0.16484525799751282,
    "pitch_mean": 457.7911682128906,
    "pitch_max": 3705.8896484375,
    "pitch_min": 152.40870666503906,
    "frequency": 138.67660539234268,
    "file_name": "6.wav"
}