{
    "rms_mean": 0.03918077051639557,
    "rms_max": 0.2573184370994568,
    "amplitude_max": 0.65069580078125,
    "amplitude_mean": 0.09853382408618927,
    "pitch_mean": 357.1315612792969,
    "pitch_max": 3956.17578125,
    "pitch_min": 152.46934509277344,
    "frequency": 109.12983145739727,
    "file_name": "7.wav"
}