{
    "rms_mean": 0.030220966786146164,
    "rms_max": 0.1268688291311264,
    "amplitude_max": 0.469268798828125,
    "amplitude_mean": 0.08443573117256165,
    "pitch_mean": 546.3103637695312,
    "pitch_max": 3987.741943359375,
    "pitch_min": 154.0128631591797,
    "frequency": 78.39653007436412,
    "file_name": "8.wav"
}