{
    "rms_mean": 0.034506816416978836,
    "rms_max": 0.3537082076072693,
    "amplitude_max": 0.77532958984375,
    "amplitude_mean": 0.08859442919492722,
    "pitch_mean": 401.3636169433594,
    "pitch_max": 3995.736328125,
    "pitch_min": 152.41876220703125,
    "frequency": 103.5477211259467,
    "file_name": "9.wav"
}