{
    "5.wav": {
        "rms_mean": 0.025951353833079338,
        "rms_max": 0.26822230219841003,
        "amplitude_max": 0.74615478515625,
        "amplitude_mean": 0.07279565930366516,
        "pitch_mean": 409.9665832519531,
        "pitch_max": 3991.29248046875,
        "pitch_min": 152.6272430419922,
        "frequency": 52.00709483361527,
        "file_name": "5.wav"
    },
    "3.wav": {
        "rms_mean": 0.051749471575021744,
        "rms_max": 0.3815171420574188,
        "amplitude_max": 0.896087646484375,
        "amplitude_mean": 0.12697623670101166,
        "pitch_mean": 331.3257751464844,
        "pitch_max": 3789.262939453125,
        "pitch_min": 152.50599670410156,
        "frequency": 92.22551187233401,
        "file_name": "3.wav"
    },
    "6.wav": {
        "rms_mean": 0.06595116853713989,
        "rms_max": 0.33394917845726013,
        "amplitude_max": 0.833892822265625,
        "amplitude_mean": 0.16484525799751282,
        "pitch_mean": 457.7911682128906,
        "pitch_max": 3705.8896484375,
        "pitch_min": 152.40870666503906,
        "frequency": 138.67660539234268,
        "file_name": "6.wav"
    },
    "4.wav": {
        "rms_mean": 0.032536983489990234,
        "rms_max": 0.2690953314304352,
        "amplitude_max": 0.8255615234375,
        "amplitude_mean": 0.09015727788209915,
        "pitch_mean": 353.29217529296875,
        "pitch_max": 3751.1083984375,
        "pitch_min": 152.44786071777344,
        "frequency": 78.69177830822149,
        "file_name": "4.wav"
    },
    "2.wav": {
        "rms_mean": 0.039472922682762146,
        "rms_max": 0.39020276069641113,
        "amplitude_max": 0.830474853515625,
        "amplitude_mean": 0.10745271295309067,
        "pitch_mean": 363.0491943359375,
        "pitch_max": 3703.619873046875,
        "pitch_min": 152.67225646972656,
        "frequency": 106.85737845558279,
        "file_name": "2.wav"
    },
    "9.wav": {
        "rms_mean": 0.034506816416978836,
        "rms_max": 0.3537082076072693,
        "amplitude_max": 0.77532958984375,
        "amplitude_mean": 0.08859442919492722,
        "pitch_mean": 401.3636169433594,
        "pitch_max": 3995.736328125,
        "pitch_min": 152.41876220703125,
        "frequency": 103.5477211259467,
        "file_name": "9.wav"
    },
    "8.wav": {
        "rms_mean": 0.030220966786146164,
        "rms_max": 0.1268688291311264,
        "amplitude_max": 0.469268798828125,
        "amplitude_mean": 0.08443573117256165,
        "pitch_mean": 546.3103637695312,
        "pitch_max": 3987.741943359375,
        "pitch_min": 154.0128631591797,
        "frequency": 78.39653007436412,
        "file_name": "8.wav"
    },
    "7.wav": {
        "rms_mean": 0.03918077051639557,
        "rms_max": 0.2573184370994568,
        "amplitude_max": 0.65069580078125,
        "amplitude_mean": 0.09853382408618927,
        "pitch_mean": 357.1315612792969,
        "pitch_max": 3956.17578125,
        "pitch_min": 152.46934509277344,
        "frequency": 109.12983145739727,
        "file_name": "7.wav"
    },
    "10.wav": {
        "rms_mean": 0.011054027825593948,
        "rms_max": 0.23605652153491974,
        "amplitude_max": 0.492462158203125,
        "amplitude_mean": 0.026960819959640503,
        "pitch_mean": 319.7002258300781,
        "pitch_max": 3975.656005859375,
        "pitch_min": 152.47186279296875,
        "frequency": 97.5864907706211,
        "file_name": "10.wav"
    },
    "1.wav": {
        "rms_mean": 0.0426952987909317,
        "rms_max": 0.2799154222011566,
        "amplitude_max": 0.801422119140625,
        "amplitude_mean": 0.10424624383449554,
        "pitch_mean": 292.62994384765625,
        "pitch_max": 3987.43603515625,
        "pitch_min": 152.56568908691406,
        "frequency": 89.57665492947694,
        "file_name": "1.wav"
    }
}