{
    "zcr": 0.1937728273876347,
    "ste": 0.09807781875133514,
    "mfccs_mean_1": -529.0595703125,
    "mfccs_std_1": 61.824642181396484,
    "mfccs_mean_2": 94.21888732910156,
    "mfccs_std_2": 41.89301681518555,
    "mfccs_mean_3": -76.12712097167969,
    "mfccs_std_3": 21.54076385498047,
    "mfccs_mean_4": 53.104217529296875,
    "mfccs_std_4": 18.888179779052734,
    "mfccs_mean_5": -23.083616256713867,
    "mfccs_std_5": 16.286226272583008,
    "mfccs_mean_6": -1.935728907585144,
    "mfccs_std_6": 14.092279434204102,
    "mfccs_mean_7": 10.968932151794434,
    "mfccs_std_7": 11.204656600952148,
    "mfccs_mean_8": -25.377601623535156,
    "mfccs_std_8": 11.482309341430664,
    "mfccs_mean_9": 19.068775177001953,
    "mfccs_std_9": 9.825602531433105,
    "mfccs_mean_10": -11.215110778808594,
    "mfccs_std_10": 8.880321502685547,
    "mfccs_mean_11": -5.5267438888549805,
    "mfccs_std_11": 10.791067123413086,
    "mfccs_mean_12": 7.999762535095215,
    "mfccs_std_12": 8.845101356506348,
    "mfccs_mean_13": -10.911872863769531,
    "mfccs_std_13": 8.723921775817871
}