{
    "zcr": 0.19903691348302785,
    "ste": 0.153225377202034,
    "mfccs_mean_1": -553.6596069335938,
    "mfccs_std_1": 105.45216369628906,
    "mfccs_mean_2": 46.02959442138672,
    "mfccs_std_2": 58.409725189208984,
    "mfccs_mean_3": -81.9942855834961,
    "mfccs_std_3": 42.85394287109375,
    "mfccs_mean_4": 30.945585250854492,
    "mfccs_std_4": 27.794038772583008,
    "mfccs_mean_5": -21.466114044189453,
    "mfccs_std_5": 24.332414627075195,
    "mfccs_mean_6": 6.155548572540283,
    "mfccs_std_6": 19.13359260559082,
    "mfccs_mean_7": -12.75162410736084,
    "mfccs_std_7": 15.477975845336914,
    "mfccs_mean_8": -12.24886417388916,
    "mfccs_std_8": 18.224180221557617,
    "mfccs_mean_9": -23.386390686035156,
    "mfccs_std_9": 14.200623512268066,
    "mfccs_mean_10": -12.847081184387207,
    "mfccs_std_10": 16.748685836791992,
    "mfccs_mean_11": -8.087258338928223,
    "mfccs_std_11": 12.05664348602295,
    "mfccs_mean_12": -5.163543224334717,
    "mfccs_std_12": 11.047724723815918,
    "mfccs_mean_13": 3.9292185306549072,
    "mfccs_std_13": 11.606475830078125
}