{
    "zcr": 0.3236584969292023,
    "ste": 7.937612533569336,
    "mfccs_mean_1": -305.5343322753906,
    "mfccs_std_1": 126.03472137451172,
    "mfccs_mean_2": 21.883201599121094,
    "mfccs_std_2": 34.40464401245117,
    "mfccs_mean_3": -101.59916687011719,
    "mfccs_std_3": 49.94950485229492,
    "mfccs_mean_4": 53.84633255004883,
    "mfccs_std_4": 19.677949905395508,
    "mfccs_mean_5": -36.759178161621094,
    "mfccs_std_5": 26.63875389099121,
    "mfccs_mean_6": 21.38397216796875,
    "mfccs_std_6": 16.256500244140625,
    "mfccs_mean_7": -37.10874557495117,
    "mfccs_std_7": 19.775609970092773,
    "mfccs_mean_8": 12.383014678955078,
    "mfccs_std_8": 12.412033081054688,
    "mfccs_mean_9": -28.04979133605957,
    "mfccs_std_9": 13.246559143066406,
    "mfccs_mean_10": -6.666300296783447,
    "mfccs_std_10": 10.954048156738281,
    "mfccs_mean_11": -15.361154556274414,
    "mfccs_std_11": 11.511845588684082,
    "mfccs_mean_12": -18.009714126586914,
    "mfccs_std_12": 9.409601211547852,
    "mfccs_mean_13": -2.771467447280884,
    "mfccs_std_13": 8.42619514465332
}