{
    "zcr": 0.170636382498861,
    "ste": 0.19435037672519684,
    "mfccs_mean_1": -490.92791748046875,
    "mfccs_std_1": 118.63928985595703,
    "mfccs_mean_2": 60.25537872314453,
    "mfccs_std_2": 43.5638313293457,
    "mfccs_mean_3": -85.04810333251953,
    "mfccs_std_3": 46.31926727294922,
    "mfccs_mean_4": 23.793498992919922,
    "mfccs_std_4": 29.167184829711914,
    "mfccs_mean_5": -29.437522888183594,
    "mfccs_std_5": 30.2994441986084,
    "mfccs_mean_6": 22.71835708618164,
    "mfccs_std_6": 20.61802101135254,
    "mfccs_mean_7": -25.727436065673828,
    "mfccs_std_7": 17.266185760498047,
    "mfccs_mean_8": 1.0193231105804443,
    "mfccs_std_8": 14.592227935791016,
    "mfccs_mean_9": -20.051258087158203,
    "mfccs_std_9": 14.251585960388184,
    "mfccs_mean_10": 1.1628400087356567,
    "mfccs_std_10": 10.96694564819336,
    "mfccs_mean_11": -10.985176086425781,
    "mfccs_std_11": 11.064502716064453,
    "mfccs_mean_12": -9.735053062438965,
    "mfccs_std_12": 12.258543014526367,
    "mfccs_mean_13": -1.315757393836975,
    "mfccs_std_13": 9.61760425567627
}