{
    "zcr": 0.21105550173399187,
    "ste": 0.28759801387786865,
    "mfccs_mean_1": -504.82684326171875,
    "mfccs_std_1": 109.5683364868164,
    "mfccs_mean_2": 33.69682693481445,
    "mfccs_std_2": 56.391292572021484,
    "mfccs_mean_3": -29.54743194580078,
    "mfccs_std_3": 31.48505401611328,
    "mfccs_mean_4": 39.49182891845703,
    "mfccs_std_4": 27.332530975341797,
    "mfccs_mean_5": -1.4217243194580078,
    "mfccs_std_5": 23.953001022338867,
    "mfccs_mean_6": 17.4993953704834,
    "mfccs_std_6": 21.542564392089844,
    "mfccs_mean_7": -38.50784683227539,
    "mfccs_std_7": 18.161212921142578,
    "mfccs_mean_8": -5.116600036621094,
    "mfccs_std_8": 16.982009887695312,
    "mfccs_mean_9": -26.03680419921875,
    "mfccs_std_9": 14.529824256896973,
    "mfccs_mean_10": 1.96554434299469,
    "mfccs_std_10": 11.278033256530762,
    "mfccs_mean_11": -27.52198600769043,
    "mfccs_std_11": 14.890508651733398,
    "mfccs_mean_12": -6.450636386871338,
    "mfccs_std_12": 12.46306037902832,
    "mfccs_mean_13": -3.964928388595581,
    "mfccs_std_13": 12.181142807006836
}