{
    "zcr": 0.19047555999212545,
    "ste": 0.19479204714298248,
    "mfccs_mean_1": -471.9945373535156,
    "mfccs_std_1": 68.13687896728516,
    "mfccs_mean_2": 85.88443756103516,
    "mfccs_std_2": 28.108436584472656,
    "mfccs_mean_3": -10.259381294250488,
    "mfccs_std_3": 15.850586891174316,
    "mfccs_mean_4": 2.5229620933532715,
    "mfccs_std_4": 16.841327667236328,
    "mfccs_mean_5": -43.593963623046875,
    "mfccs_std_5": 15.99433708190918,
    "mfccs_mean_6": 27.908203125,
    "mfccs_std_6": 10.232065200805664,
    "mfccs_mean_7": -25.880102157592773,
    "mfccs_std_7": 11.451213836669922,
    "mfccs_mean_8": 11.721882820129395,
    "mfccs_std_8": 11.807243347167969,
    "mfccs_mean_9": -31.533586502075195,
    "mfccs_std_9": 11.049957275390625,
    "mfccs_mean_10": 11.32622241973877,
    "mfccs_std_10": 8.983705520629883,
    "mfccs_mean_11": -14.662028312683105,
    "mfccs_std_11": 10.067370414733887,
    "mfccs_mean_12": 4.525577545166016,
    "mfccs_std_12": 9.003156661987305,
    "mfccs_mean_13": -14.044079780578613,
    "mfccs_std_13": 8.61809253692627
}