{
    "zcr": 0.38035891614708894,
    "ste": 5.359323024749756,
    "mfccs_mean_1": -347.9549560546875,
    "mfccs_std_1": 128.93556213378906,
    "mfccs_mean_2": 11.340532302856445,
    "mfccs_std_2": 44.56649398803711,
    "mfccs_mean_3": -78.0678939819336,
    "mfccs_std_3": 50.686302185058594,
    "mfccs_mean_4": 57.23480987548828,
    "mfccs_std_4": 26.063369750976562,
    "mfccs_mean_5": -52.539432525634766,
    "mfccs_std_5": 29.13042640686035,
    "mfccs_mean_6": 25.62730598449707,
    "mfccs_std_6": 19.303274154663086,
    "mfccs_mean_7": -41.222373962402344,
    "mfccs_std_7": 21.850866317749023,
    "mfccs_mean_8": 7.0254435539245605,
    "mfccs_std_8": 18.69675064086914,
    "mfccs_mean_9": -24.96310806274414,
    "mfccs_std_9": 15.097235679626465,
    "mfccs_mean_10": -7.532408714294434,
    "mfccs_std_10": 13.313885688781738,
    "mfccs_mean_11": -11.879729270935059,
    "mfccs_std_11": 11.33715534210205,
    "mfccs_mean_12": -15.579214096069336,
    "mfccs_std_12": 10.206501960754395,
    "mfccs_mean_13": -3.372143507003784,
    "mfccs_std_13": 10.988923072814941
}