{
    "zcr": 0.34911501417789526,
    "ste": 9.293402671813965,
    "mfccs_mean_1": -254.79945373535156,
    "mfccs_std_1": 57.7214241027832,
    "mfccs_mean_2": 32.63600540161133,
    "mfccs_std_2": 40.167137145996094,
    "mfccs_mean_3": -87.31287384033203,
    "mfccs_std_3": 35.072269439697266,
    "mfccs_mean_4": 69.02287292480469,
    "mfccs_std_4": 26.419498443603516,
    "mfccs_mean_5": -59.908607482910156,
    "mfccs_std_5": 20.406869888305664,
    "mfccs_mean_6": 28.759178161621094,
    "mfccs_std_6": 18.038110733032227,
    "mfccs_mean_7": -42.67142868041992,
    "mfccs_std_7": 18.254261016845703,
    "mfccs_mean_8": 12.69829273223877,
    "mfccs_std_8": 19.41061782836914,
    "mfccs_mean_9": -29.758148193359375,
    "mfccs_std_9": 16.677927017211914,
    "mfccs_mean_10": -6.18211555480957,
    "mfccs_std_10": 13.163473129272461,
    "mfccs_mean_11": -20.15114974975586,
    "mfccs_std_11": 12.087291717529297,
    "mfccs_mean_12": -24.626375198364258,
    "mfccs_std_12": 11.653940200805664,
    "mfccs_mean_13": 0.2106672078371048,
    "mfccs_std_13": 11.154318809509277
}