{
    "zcr": 0.1299948599664439,
    "ste": 0.0734829530119896,
    "mfccs_mean_1": -583.6900634765625,
    "mfccs_std_1": 89.15542602539062,
    "mfccs_mean_2": 114.73526000976562,
    "mfccs_std_2": 48.050514221191406,
    "mfccs_mean_3": -70.70054626464844,
    "mfccs_std_3": 47.82614517211914,
    "mfccs_mean_4": 46.590484619140625,
    "mfccs_std_4": 32.1065788269043,
    "mfccs_mean_5": -2.4849822521209717,
    "mfccs_std_5": 24.26124382019043,
    "mfccs_mean_6": -5.582206726074219,
    "mfccs_std_6": 17.596385955810547,
    "mfccs_mean_7": 9.36914348602295,
    "mfccs_std_7": 13.683194160461426,
    "mfccs_mean_8": -19.973997116088867,
    "mfccs_std_8": 16.04003143310547,
    "mfccs_mean_9": 1.0750060081481934,
    "mfccs_std_9": 13.574604034423828,
    "mfccs_mean_10": -8.897992134094238,
    "mfccs_std_10": 12.759838104248047,
    "mfccs_mean_11": -10.738637924194336,
    "mfccs_std_11": 11.105085372924805,
    "mfccs_mean_12": 0.3061981499195099,
    "mfccs_std_12": 8.988083839416504,
    "mfccs_mean_13": -7.887780666351318,
    "mfccs_std_13": 9.338945388793945
}