{
    "zcr": 0.15852247933129465,
    "ste": 1.0590213537216187,
    "mfccs_mean_1": -411.953857421875,
    "mfccs_std_1": 71.75619506835938,
    "mfccs_mean_2": 95.42744445800781,
    "mfccs_std_2": 31.133562088012695,
    "mfccs_mean_3": -99.14779663085938,
    "mfccs_std_3": 38.6377067565918,
    "mfccs_mean_4": 39.0224494934082,
    "mfccs_std_4": 20.24514389038086,
    "mfccs_mean_5": -33.58769989013672,
    "mfccs_std_5": 20.17641258239746,
    "mfccs_mean_6": -11.424044609069824,
    "mfccs_std_6": 16.736141204833984,
    "mfccs_mean_7": 0.768120288848877,
    "mfccs_std_7": 13.479583740234375,
    "mfccs_mean_8": -19.341167449951172,
    "mfccs_std_8": 15.177241325378418,
    "mfccs_mean_9": 11.814906120300293,
    "mfccs_std_9": 13.047537803649902,
    "mfccs_mean_10": -17.057405471801758,
    "mfccs_std_10": 11.22459602355957,
    "mfccs_mean_11": -1.1548945903778076,
    "mfccs_std_11": 10.374253273010254,
    "mfccs_mean_12": -2.0987443923950195,
    "mfccs_std_12": 10.435795783996582,
    "mfccs_mean_13": -11.473833084106445,
    "mfccs_std_13": 10.062727928161621
}