{
    "zcr": 0.23397077441970857,
    "ste": 6.363497734069824,
    "mfccs_mean_1": -292.3735656738281,
    "mfccs_std_1": 78.46658325195312,
    "mfccs_mean_2": 65.01068115234375,
    "mfccs_std_2": 33.80900955200195,
    "mfccs_mean_3": -97.63957214355469,
    "mfccs_std_3": 44.2540397644043,
    "mfccs_mean_4": 44.309139251708984,
    "mfccs_std_4": 22.79572868347168,
    "mfccs_mean_5": -51.008148193359375,
    "mfccs_std_5": 17.945131301879883,
    "mfccs_mean_6": 9.771048545837402,
    "mfccs_std_6": 18.783437728881836,
    "mfccs_mean_7": -37.78924560546875,
    "mfccs_std_7": 17.94179344177246,
    "mfccs_mean_8": -0.3057374358177185,
    "mfccs_std_8": 18.508953094482422,
    "mfccs_mean_9": -20.266109466552734,
    "mfccs_std_9": 14.288797378540039,
    "mfccs_mean_10": -14.593770980834961,
    "mfccs_std_10": 12.162467002868652,
    "mfccs_mean_11": -19.525741577148438,
    "mfccs_std_11": 11.36827564239502,
    "mfccs_mean_12": -21.41150665283203,
    "mfccs_std_12": 10.769993782043457,
    "mfccs_mean_13": -6.634944915771484,
    "mfccs_std_13": 10.163752555847168
}