{
    "zcr": 0.13268997191412954,
    "ste": 0.06183294579386711,
    "mfccs_mean_1": -592.1688232421875,
    "mfccs_std_1": 64.82855224609375,
    "mfccs_mean_2": 120.70047760009766,
    "mfccs_std_2": 59.959896087646484,
    "mfccs_mean_3": -71.2080078125,
    "mfccs_std_3": 28.552371978759766,
    "mfccs_mean_4": 51.915245056152344,
    "mfccs_std_4": 22.19305992126465,
    "mfccs_mean_5": 35.56875991821289,
    "mfccs_std_5": 27.307504653930664,
    "mfccs_mean_6": -16.68489646911621,
    "mfccs_std_6": 17.27375030517578,
    "mfccs_mean_7": 13.502100944519043,
    "mfccs_std_7": 20.216764450073242,
    "mfccs_mean_8": -12.614434242248535,
    "mfccs_std_8": 11.830602645874023,
    "mfccs_mean_9": -6.3238935470581055,
    "mfccs_std_9": 11.213027954101562,
    "mfccs_mean_10": 8.691583633422852,
    "mfccs_std_10": 10.929779052734375,
    "mfccs_mean_11": -18.460647583007812,
    "mfccs_std_11": 11.441429138183594,
    "mfccs_mean_12": -3.7824997901916504,
    "mfccs_std_12": 10.933005332946777,
    "mfccs_mean_13": -0.8308891654014587,
    "mfccs_std_13": 9.340478897094727
}