{
    "zcr": 0.46056240066242826,
    "ste": 10.713499069213867,
    "mfccs_mean_1": -224.47865295410156,
    "mfccs_std_1": 45.808406829833984,
    "mfccs_mean_2": 30.34319496154785,
    "mfccs_std_2": 28.350645065307617,
    "mfccs_mean_3": -70.80499267578125,
    "mfccs_std_3": 34.55364990234375,
    "mfccs_mean_4": 69.40074157714844,
    "mfccs_std_4": 20.65542984008789,
    "mfccs_mean_5": -56.228389739990234,
    "mfccs_std_5": 14.443014144897461,
    "mfccs_mean_6": 44.771217346191406,
    "mfccs_std_6": 15.019207954406738,
    "mfccs_mean_7": -59.6646728515625,
    "mfccs_std_7": 13.158197402954102,
    "mfccs_mean_8": 27.393308639526367,
    "mfccs_std_8": 13.168362617492676,
    "mfccs_mean_9": -38.94614028930664,
    "mfccs_std_9": 11.722853660583496,
    "mfccs_mean_10": -3.1960763931274414,
    "mfccs_std_10": 12.892382621765137,
    "mfccs_mean_11": -12.87878131866455,
    "mfccs_std_11": 11.174759864807129,
    "mfccs_mean_12": -16.017017364501953,
    "mfccs_std_12": 9.312040328979492,
    "mfccs_mean_13": -2.1415257453918457,
    "mfccs_std_13": 9.159645080566406
}