{
    "zcr": 0.15026677350589737,
    "ste": 0.11262977123260498,
    "mfccs_mean_1": -505.4339904785156,
    "mfccs_std_1": 69.80300903320312,
    "mfccs_mean_2": 95.28665924072266,
    "mfccs_std_2": 40.67072677612305,
    "mfccs_mean_3": -26.17085075378418,
    "mfccs_std_3": 29.706762313842773,
    "mfccs_mean_4": 34.26959228515625,
    "mfccs_std_4": 20.860151290893555,
    "mfccs_mean_5": -15.33692455291748,
    "mfccs_std_5": 17.85835838317871,
    "mfccs_mean_6": 30.272186279296875,
    "mfccs_std_6": 16.92569923400879,
    "mfccs_mean_7": -21.930065155029297,
    "mfccs_std_7": 13.817320823669434,
    "mfccs_mean_8": 9.41780948638916,
    "mfccs_std_8": 10.540804862976074,
    "mfccs_mean_9": -26.848388671875,
    "mfccs_std_9": 14.920035362243652,
    "mfccs_mean_10": 3.1573073863983154,
    "mfccs_std_10": 11.043007850646973,
    "mfccs_mean_11": -13.444493293762207,
    "mfccs_std_11": 9.648856163024902,
    "mfccs_mean_12": -6.200414657592773,
    "mfccs_std_12": 12.049695014953613,
    "mfccs_mean_13": -7.631813049316406,
    "mfccs_std_13": 10.575506210327148
}