{
    "zcr": 0.20525618119872094,
    "ste": 1.1786718368530273,
    "mfccs_mean_1": -429.6645812988281,
    "mfccs_std_1": 114.47111511230469,
    "mfccs_mean_2": 67.79328155517578,
    "mfccs_std_2": 27.293004989624023,
    "mfccs_mean_3": -68.32279968261719,
    "mfccs_std_3": 35.5944709777832,
    "mfccs_mean_4": 27.742450714111328,
    "mfccs_std_4": 21.04461669921875,
    "mfccs_mean_5": -43.51075744628906,
    "mfccs_std_5": 21.902297973632812,
    "mfccs_mean_6": 17.046215057373047,
    "mfccs_std_6": 18.667457580566406,
    "mfccs_mean_7": -44.82737731933594,
    "mfccs_std_7": 19.077024459838867,
    "mfccs_mean_8": 0.5437318086624146,
    "mfccs_std_8": 13.155556678771973,
    "mfccs_mean_9": -13.37101936340332,
    "mfccs_std_9": 16.120277404785156,
    "mfccs_mean_10": -8.686808586120605,
    "mfccs_std_10": 11.154496192932129,
    "mfccs_mean_11": -3.80771541595459,
    "mfccs_std_11": 13.432945251464844,
    "mfccs_mean_12": -4.280274391174316,
    "mfccs_std_12": 9.06800365447998,
    "mfccs_mean_13": 6.640422344207764,
    "mfccs_std_13": 9.738471984863281
}