{
    "zcr": 0.21544145178918395,
    "ste": 0.5960841774940491,
    "mfccs_mean_1": -387.3119812011719,
    "mfccs_std_1": 36.833702087402344,
    "mfccs_mean_2": 83.85101318359375,
    "mfccs_std_2": 29.89035415649414,
    "mfccs_mean_3": -66.68651580810547,
    "mfccs_std_3": 18.041139602661133,
    "mfccs_mean_4": 45.32155227661133,
    "mfccs_std_4": 19.691986083984375,
    "mfccs_mean_5": -42.35269546508789,
    "mfccs_std_5": 18.99010467529297,
    "mfccs_mean_6": 32.35947799682617,
    "mfccs_std_6": 16.915157318115234,
    "mfccs_mean_7": -32.98129653930664,
    "mfccs_std_7": 13.176389694213867,
    "mfccs_mean_8": 13.940510749816895,
    "mfccs_std_8": 11.461727142333984,
    "mfccs_mean_9": -24.590049743652344,
    "mfccs_std_9": 13.706507682800293,
    "mfccs_mean_10": 6.5325236320495605,
    "mfccs_std_10": 12.144083023071289,
    "mfccs_mean_11": 0.5686455965042114,
    "mfccs_std_11": 10.016369819641113,
    "mfccs_mean_12": -8.845077514648438,
    "mfccs_std_12": 12.778105735778809,
    "mfccs_mean_13": 7.886985778808594,
    "mfccs_std_13": 10.707669258117676
}