{
    "zcr": 0.24595745530959087,
    "ste": 0.15490835905075073,
    "mfccs_mean_1": -605.0431518554688,
    "mfccs_std_1": 151.73989868164062,
    "mfccs_mean_2": 42.875919342041016,
    "mfccs_std_2": 39.00864791870117,
    "mfccs_mean_3": -47.2716178894043,
    "mfccs_std_3": 44.67916488647461,
    "mfccs_mean_4": -2.8234434127807617,
    "mfccs_std_4": 21.981630325317383,
    "mfccs_mean_5": -24.071462631225586,
    "mfccs_std_5": 27.830171585083008,
    "mfccs_mean_6": -0.4545214772224426,
    "mfccs_std_6": 17.300113677978516,
    "mfccs_mean_7": -11.99059772491455,
    "mfccs_std_7": 16.01738929748535,
    "mfccs_mean_8": 3.0849454402923584,
    "mfccs_std_8": 10.868313789367676,
    "mfccs_mean_9": -5.72892427444458,
    "mfccs_std_9": 11.769214630126953,
    "mfccs_mean_10": -5.804153919219971,
    "mfccs_std_10": 9.2423677444458,
    "mfccs_mean_11": -8.249011039733887,
    "mfccs_std_11": 11.951587677001953,
    "mfccs_mean_12": -3.081782579421997,
    "mfccs_std_12": 8.877852439880371,
    "mfccs_mean_13": -2.81257963180542,
    "mfccs_std_13": 7.849665641784668
}