{
    "zcr": 0.22230063488915425,
    "ste": 0.3262651860713959,
    "mfccs_mean_1": -488.58087158203125,
    "mfccs_std_1": 77.46752166748047,
    "mfccs_mean_2": 58.06094741821289,
    "mfccs_std_2": 32.316802978515625,
    "mfccs_mean_3": -34.564186096191406,
    "mfccs_std_3": 23.139753341674805,
    "mfccs_mean_4": 28.405118942260742,
    "mfccs_std_4": 19.80422019958496,
    "mfccs_mean_5": -46.74394226074219,
    "mfccs_std_5": 22.501264572143555,
    "mfccs_mean_6": 11.588650703430176,
    "mfccs_std_6": 19.107906341552734,
    "mfccs_mean_7": -41.702659606933594,
    "mfccs_std_7": 18.042001724243164,
    "mfccs_mean_8": 4.858119964599609,
    "mfccs_std_8": 13.458014488220215,
    "mfccs_mean_9": -8.413825988769531,
    "mfccs_std_9": 14.806615829467773,
    "mfccs_mean_10": -3.7766494750976562,
    "mfccs_std_10": 12.01278305053711,
    "mfccs_mean_11": -15.342001914978027,
    "mfccs_std_11": 13.058667182922363,
    "mfccs_mean_12": -10.215446472167969,
    "mfccs_std_12": 10.575410842895508,
    "mfccs_mean_13": -5.511971950531006,
    "mfccs_std_13": 10.223474502563477
}