{
    "zcr": 0.10128336565892013,
    "ste": 0.08441795408725739,
    "mfccs_mean_1": -553.5594482421875,
    "mfccs_std_1": 78.39796447753906,
    "mfccs_mean_2": 138.36965942382812,
    "mfccs_std_2": 40.503971099853516,
    "mfccs_mean_3": -58.998069763183594,
    "mfccs_std_3": 30.85970115661621,
    "mfccs_mean_4": 25.711973190307617,
    "mfccs_std_4": 21.76143455505371,
    "mfccs_mean_5": -0.15856942534446716,
    "mfccs_std_5": 21.88063621520996,
    "mfccs_mean_6": -26.96479034423828,
    "mfccs_std_6": 20.52591896057129,
    "mfccs_mean_7": -15.284527778625488,
    "mfccs_std_7": 12.78512954711914,
    "mfccs_mean_8": -14.259361267089844,
    "mfccs_std_8": 13.448101997375488,
    "mfccs_mean_9": -0.28214186429977417,
    "mfccs_std_9": 11.046096801757812,
    "mfccs_mean_10": -9.485525131225586,
    "mfccs_std_10": 10.550058364868164,
    "mfccs_mean_11": -12.633708000183105,
    "mfccs_std_11": 10.608025550842285,
    "mfccs_mean_12": -0.3097093999385834,
    "mfccs_std_12": 8.857277870178223,
    "mfccs_mean_13": -13.04603385925293,
    "mfccs_std_13": 9.800601959228516
}